Quarter,Quarter_End,Revenue_USDm,Total_Customers,Customers_100k,RPO_USDm,RPO_basis,NRR,NRR_confidence,Src_Revenue_and_100k,Src_Revenue_XCheck,Src_TotalCustomers,Src_RPO,Src_NRR
2022 Q1,2022-03-31,363.03,19800,2250,857.9,10-Q/10-K exact,>130%,"medium (call transcript, 3rd-party host)",https://investors.datadoghq.com/static-files/23d358e0-eba2-4fb9-993a-98179120f56b,PR 1Q23 comparative: https://investors.datadoghq.com/static-files/6ca01f63-80f5-4ce0-b5a2-683ff3378f05,1Q23 call (year-ago comparative): https://www.fool.com/earnings/call-transcripts/2023/05/04/datadog-ddog-q1-2023-earnings-call-transcript/,https://www.sec.gov/Archives/edgar/data/1561550/000156155022000026/ddog-20220331.htm,1Q22 call: https://www.fool.com/earnings/call-transcripts/2022/05/05/datadog-ddog-q1-2022-earnings-call-transcript/
2022 Q2,2022-06-30,406.138,21200,2420,881.4,10-Q/10-K exact,>130%,"medium (implied by ""Nth consecutive quarter"" statements)",https://investors.datadoghq.com/static-files/9e82d3c5-00bc-44af-abfe-ebbc486e71fa,PR 2Q23 comparative: https://investors.datadoghq.com/static-files/2ec01832-668b-4e43-9075-bf96baf7d38b,2Q23 call (year-ago comparative): https://www.marketbeat.com/earnings/reports/2023-8-8-datadog-inc-stock,https://www.sec.gov/Archives/edgar/data/1561550/000156155022000038/Financial_Report.xlsx,Implied: 1Q22=19th and 4Q22=22nd consecutive quarter >130%
2022 Q3,2022-09-30,436.533,22200,2600,941.0,10-Q/10-K exact,>130%,high,https://investors.datadoghq.com/static-files/5dfafb8f-c6bb-415d-80b2-da508e48122b,PR 3Q23 comparative: https://investors.datadoghq.com/static-files/27c898b8-fb12-48b8-af68-5958f226a2fc,3Q22 call: https://www.fool.com/earnings/call-transcripts/2022/11/03/datadog-ddog-q3-2022-earnings-call-transcript/,https://www.sec.gov/Archives/edgar/data/1561550/000156155022000045/Financial_Report.xlsx,10-Q 3Q23 (Sep-30-2022 comparative): https://www.sec.gov/Archives/edgar/data/1561550/000156155023000055/ddog-20230930.htm
2022 Q4,2022-12-31,469.399,23200,2780,1057.2,10-Q/10-K exact,>130%,high,https://investors.datadoghq.com/static-files/d0afe925-a0eb-4124-9971-749762415612,PR 4Q23 comparative: https://investors.datadoghq.com/static-files/a8ba8d41-5a66-41fd-a8b5-b2408a393b02,"4Q23 call, IR-hosted (year-ago comparative): https://investors.datadoghq.com/static-files/8a1b21f1-c008-4b97-afca-b11b0e0cbec5",https://www.sec.gov/Archives/edgar/data/1561550/000156155024000009/Financial_Report.xlsx (prior-year column of FY2023 10-K),FY2022 annual report/10-K: https://www.sec.gov/Archives/edgar/data/1561550/000156155023000015/datadogannualreport2022.pdf
2023 Q1,2023-03-31,481.714,25500,2910,1138.3,10-Q/10-K exact,>130%,LOW (implied by Q2-23 commentary; not directly verified),https://investors.datadoghq.com/static-files/6ca01f63-80f5-4ce0-b5a2-683ff3378f05,10-Q 1Q24: https://www.sec.gov/Archives/edgar/data/1561550/000156155024000051/ddog-20240331.htm,1Q23 call: https://www.fool.com/earnings/call-transcripts/2023/05/04/datadog-ddog-q1-2023-earnings-call-transcript/,https://www.sec.gov/Archives/edgar/data/1561550/000156155023000023/Financial_Report.xlsx,Implied by 2Q23 commentary (secondary): https://www.thewolfofharcourtstreet.com/p/datadog-are-the-dog-days-over ; SEC CORRESP: https://www.sec.gov/Archives/edgar/data/1561550/000119312523265193/filename1.htm
2023 Q2,2023-06-30,509.46,26100,2990,1252.5,10-Q/10-K exact,<130% and >120%,LOW-MEDIUM (secondary summary of call; exact wording not verified),https://investors.datadoghq.com/static-files/2ec01832-668b-4e43-9075-bf96baf7d38b,10-Q 2Q24 XBRL: https://www.sec.gov/Archives/edgar/data/1561550/000156155024000112/Financial_Report.xlsx,2Q23 call: https://www.marketbeat.com/earnings/reports/2023-8-8-datadog-inc-stock,https://www.sec.gov/Archives/edgar/data/1561550/000156155023000039/Financial_Report.xlsx,Secondary: https://www.thewolfofharcourtstreet.com/p/datadog-are-the-dog-days-over ; SEC CORRESP: https://www.sec.gov/Archives/edgar/data/1561550/000119312523265193/filename1.htm
2023 Q3,2023-09-30,547.536,26800,3130,1446.2,10-Q/10-K exact,slightly below 120%,"medium (call transcript, 3rd-party host)",https://investors.datadoghq.com/static-files/27c898b8-fb12-48b8-af68-5958f226a2fc,10-Q 3Q24: https://www.sec.gov/Archives/edgar/data/1561550/000156155024000175/ddog-20240930.htm,3Q23 call: https://www.fool.com/earnings/call-transcripts/2023/11/07/datadog-ddog-q3-2023-earnings-call-transcript/,https://www.sec.gov/Archives/edgar/data/1561550/000156155023000055/Financial_Report.xlsx,3Q23 call: https://www.fool.com/earnings/call-transcripts/2023/11/07/datadog-ddog-q3-2023-earnings-call-transcript/
2023 Q4,2023-12-31,589.649,27300,3190,1839.4,10-Q/10-K exact,mid-110s,high,https://investors.datadoghq.com/static-files/a8ba8d41-5a66-41fd-a8b5-b2408a393b02,"FY2023 (2,128,359) minus 9M (1,538,710) per PR 4Q23/3Q23","4Q23 call, IR-hosted: https://investors.datadoghq.com/static-files/8a1b21f1-c008-4b97-afca-b11b0e0cbec5",https://www.sec.gov/Archives/edgar/data/1561550/000156155024000009/Financial_Report.xlsx,"4Q23 call, IR-hosted: https://investors.datadoghq.com/static-files/8a1b21f1-c008-4b97-afca-b11b0e0cbec5"
2024 Q1,2024-03-31,611.253,28000,3340,1731.5,10-Q/10-K exact,mid-110s,high,https://investors.datadoghq.com/static-files/94241e00-9de8-4081-b62f-214d051d083b,10-Q 1Q24: https://www.sec.gov/Archives/edgar/data/1561550/000156155024000051/ddog-20240331.htm,Supplemental 4Q25: https://investors.datadoghq.com/static-files/94241e00-9de8-4081-b62f-214d051d083b,https://www.sec.gov/Archives/edgar/data/1561550/000156155024000051/Financial_Report.xlsx,Supplemental 4Q25: https://investors.datadoghq.com/static-files/94241e00-9de8-4081-b62f-214d051d083b
2024 Q2,2024-06-30,645.279,28700,3390,1792.4,10-Q/10-K exact,mid-110s,high,https://investors.datadoghq.com/static-files/94241e00-9de8-4081-b62f-214d051d083b,10-Q 2Q24 XBRL: https://www.sec.gov/Archives/edgar/data/1561550/000156155024000112/Financial_Report.xlsx,Supplemental 4Q25: https://investors.datadoghq.com/static-files/94241e00-9de8-4081-b62f-214d051d083b,https://www.sec.gov/Archives/edgar/data/1561550/000156155024000112/Financial_Report.xlsx,Supplemental 4Q25: https://investors.datadoghq.com/static-files/94241e00-9de8-4081-b62f-214d051d083b
2024 Q3,2024-09-30,690.016,29200,3490,1821.8,10-Q/10-K exact,mid-110s,high,https://investors.datadoghq.com/static-files/94241e00-9de8-4081-b62f-214d051d083b,10-Q 3Q24: https://www.sec.gov/Archives/edgar/data/1561550/000156155024000175/ddog-20240930.htm,Supplemental 4Q25: https://investors.datadoghq.com/static-files/94241e00-9de8-4081-b62f-214d051d083b,https://www.sec.gov/Archives/edgar/data/1561550/000156155024000175/Financial_Report.xlsx,Supplemental 2Q26: https://investors.datadoghq.com/static-files/477a4084-42e7-4468-af1d-1bf9ae99d9ab
2024 Q4,2024-12-31,737.727,30000,3610,2273.1,10-Q/10-K exact,high-110s,high,https://www.sec.gov/Archives/edgar/data/1561550/000156155025000017/ex-991x20241231x8k.htm,"FY2024 10-K (2,684,275) minus 9M (1,946,548): https://www.sec.gov/Archives/edgar/data/1561550/000156155025000025/ddog-20241231.htm",Supplemental 4Q25: https://investors.datadoghq.com/static-files/94241e00-9de8-4081-b62f-214d051d083b,https://www.sec.gov/Archives/edgar/data/1561550/000156155025000025/Financial_Report.xlsx,Supplemental 2Q26: https://investors.datadoghq.com/static-files/477a4084-42e7-4468-af1d-1bf9ae99d9ab
2025 Q1,2025-03-31,761.553,30500,3770,2309.0,10-Q/10-K exact,high-110s,high,https://investors.datadoghq.com/static-files/2d291f15-a1e1-402b-88a0-6e83a8fad901,10-Q 1Q26: https://www.sec.gov/Archives/edgar/data/0001561550/000162828026032328/ddog-20260331.htm,Supplemental 4Q25: https://investors.datadoghq.com/static-files/94241e00-9de8-4081-b62f-214d051d083b,https://www.sec.gov/Archives/edgar/data/1561550/000156155025000123/Financial_Report.xlsx,Supplemental 2Q26: https://investors.datadoghq.com/static-files/477a4084-42e7-4468-af1d-1bf9ae99d9ab
2025 Q2,2025-06-30,826.76,31400,3850,2430.0,"CFO call, rounded to $10M (10-Q exact not retrieved)",about 120%,high,https://investors.datadoghq.com/static-files/94241e00-9de8-4081-b62f-214d051d083b,10-Q 2Q26: https://www.sec.gov/Archives/edgar/data/0001561550/000162828026054458/ddog-20260630.htm,Supplemental 4Q25: https://investors.datadoghq.com/static-files/94241e00-9de8-4081-b62f-214d051d083b,"2Q25 call, IR-hosted: https://investors.datadoghq.com/static-files/4b5b9407-c0e8-4333-b035-ca5b894e8904 (10-Q: https://www.sec.gov/Archives/edgar/data/1561550/000156155025000220/ddog-20250630.htm)",Supplemental 2Q26: https://investors.datadoghq.com/static-files/477a4084-42e7-4468-af1d-1bf9ae99d9ab
2025 Q3,2025-09-30,885.651,32000,4060,2787.6,10-Q/10-K exact,about 120%,high,https://investors.datadoghq.com/static-files/94241e00-9de8-4081-b62f-214d051d083b,10-Q 3Q25: https://www.sec.gov/Archives/edgar/data/1561550/000156155025000313/ddog-20250930.htm,Supplemental 4Q25: https://investors.datadoghq.com/static-files/94241e00-9de8-4081-b62f-214d051d083b,https://www.sec.gov/Archives/edgar/data/1561550/000156155025000313/ddog-20250930.htm,Supplemental 2Q26: https://investors.datadoghq.com/static-files/477a4084-42e7-4468-af1d-1bf9ae99d9ab
2025 Q4,2025-12-31,953.194,32700,4310,3461.2,10-Q/10-K exact,about 120%,high,https://www.sec.gov/Archives/edgar/data/1561550/000162828026006645/ex-991x20251231x8k.htm,"FY2025 10-K (3,427,158) minus 9M (2,473,964): https://www.sec.gov/Archives/edgar/data/1561550/000162828026008819/ddog-20251231.htm",Supplemental 4Q25: https://investors.datadoghq.com/static-files/94241e00-9de8-4081-b62f-214d051d083b,1Q26 10-Q Dec-31-2025 comparative: https://www.sec.gov/Archives/edgar/data/1561550/000162828026032328/ddog-20260331.htm,Supplemental 2Q26: https://investors.datadoghq.com/static-files/477a4084-42e7-4468-af1d-1bf9ae99d9ab
2026 Q1,2026-03-31,1006.426,33200,4550,3480.0,"CFO call, rounded to $10M (10-Q exact not retrieved)",low-120s,high,https://www.sec.gov/Archives/edgar/data/0001561550/000162828026031677/ex-991x20260331x8k.htm,10-Q 1Q26 + https://investors.datadoghq.com/static-files/477a4084-42e7-4468-af1d-1bf9ae99d9ab,Supplemental 2Q26: https://investors.datadoghq.com/static-files/477a4084-42e7-4468-af1d-1bf9ae99d9ab,1Q26 call: https://www.fool.com/earnings/call-transcripts/2026/05/07/datadog-ddog-q1-2026-earnings-transcript/ (IR transcript: https://investors.datadoghq.com/static-files/b162f4b4-ae66-4fd2-bc41-92b4f9a877c9),Supplemental 2Q26: https://investors.datadoghq.com/static-files/477a4084-42e7-4468-af1d-1bf9ae99d9ab
2026 Q2,2026-06-30,1121.454,33400,4720,3470.0,"CFO call, rounded to $10M (10-Q exact not retrieved)",low-120s,high,https://investors.datadoghq.com/news-releases/news-release-details/datadog-announces-second-quarter-2026-financial-results,10-Q 2Q26 + https://investors.datadoghq.com/static-files/477a4084-42e7-4468-af1d-1bf9ae99d9ab,Supplemental 2Q26: https://investors.datadoghq.com/static-files/477a4084-42e7-4468-af1d-1bf9ae99d9ab,2Q26 call: https://www.investing.com/news/transcripts/earnings-call-transcript-datadog-beats-q2-2026-estimates-but-shares-fall-156-93CH-4842560 (IR transcript: https://investors.datadoghq.com/static-files/2360a5cc-f17a-4731-b74a-fb6f4617baf5),Supplemental 2Q26: https://investors.datadoghq.com/static-files/477a4084-42e7-4468-af1d-1bf9ae99d9ab
