Date,ddtrace_Python_Downloads,dd-trace_NPM_Downloads
2021-01-01,26873,7183
2021-01-02,24469,6710
2021-01-03,23840,9760
2021-01-04,67333,73162
2021-01-05,86998,105939
2021-01-06,83143,97335
2021-01-07,84485,105085
2021-01-08,77117,97161
2021-01-09,33511,15119
2021-01-10,28673,12053
2021-01-11,75712,90594
2021-01-12,83898,127974
2021-01-13,80728,119477
2021-01-14,80917,121037
2021-01-15,77158,100737
2021-01-16,31280,15066
2021-01-17,25104,14829
2021-01-18,47492,68741
2021-01-19,77304,110261
2021-01-20,86563,123078
2021-01-21,83779,118099
2021-01-22,79656,65656
2021-01-23,31957,19614
2021-01-24,26266,16208
2021-01-25,76756,108827
2021-01-26,84220,122547
2021-01-27,94704,131651
2021-01-28,88094,126639
2021-01-29,83449,112630
2021-01-30,33395,24957
2021-01-31,34152,19719
2021-02-01,83849,116001
2021-02-02,96950,128226
2021-02-03,100620,133920
2021-02-04,97696,133113
2021-02-05,90424,120171
2021-02-06,35829,17695
2021-02-07,32124,17740
2021-02-08,92157,119655
2021-02-09,114505,139734
2021-02-10,111916,138148
2021-02-11,120745,123143
2021-02-12,86426,113582
2021-02-13,34590,20750
2021-02-14,30772,17027
2021-02-15,53383,82740
2021-02-16,88741,133506
2021-02-17,100222,135752
2021-02-18,101657,143381
2021-02-19,95546,127819
2021-02-20,28868,21683
2021-02-21,27480,14013
2021-02-22,83496,119668
2021-02-23,100123,131168
2021-02-24,107506,144016
2021-02-25,109224,138313
2021-02-26,92401,118945
2021-02-27,32301,23716
2021-02-28,29376,16564
2021-03-01,88852,126964
2021-03-02,104398,143158
2021-03-03,119195,150076
2021-03-04,126571,159012
2021-03-05,103745,132306
2021-03-06,38884,35554
2021-03-07,28516,32018
2021-03-08,98339,144561
2021-03-09,117954,157150
2021-03-10,114085,151711
2021-03-11,109221,136094
2021-03-12,95223,121949
2021-03-13,32716,23167
2021-03-14,28240,15457
2021-03-15,98709,133161
2021-03-16,118048,146879
2021-03-17,120059,134071
2021-03-18,123091,140764
2021-03-19,118596,116433
2021-03-20,39416,18171
2021-03-21,30275,16290
2021-03-22,115556,133148
2021-03-23,134466,141956
2021-03-24,141964,144467
2021-03-25,149451,151417
2021-03-26,121240,121859
2021-03-27,39034,17743
2021-03-28,34077,17591
2021-03-29,127479,130352
2021-03-30,140435,143993
2021-03-31,153310,150149
2021-04-01,140963,134576
2021-04-02,116581,90232
2021-04-03,35315,15844
2021-04-04,31446,12886
2021-04-05,117592,88292
2021-04-06,146975,137886
2021-04-07,146511,139112
2021-04-08,143292,140099
2021-04-09,125708,118311
2021-04-10,39563,16016
2021-04-11,31551,12870
2021-04-12,135288,132915
2021-04-13,150688,136586
2021-04-14,146026,136158
2021-04-15,149918,140675
2021-04-16,130580,117696
2021-04-17,38458,16768
2021-04-18,34838,15340
2021-04-19,120966,127978
2021-04-20,130435,132740
2021-04-21,136495,132328
2021-04-22,131365,139988
2021-04-23,136239,112424
2021-04-24,63206,17630
2021-04-25,55994,20546
2021-04-26,128295,124321
2021-04-27,147903,132472
2021-04-28,143868,139930
2021-04-29,138165,122834
2021-04-30,128271,108144
2021-05-01,33363,17633
2021-05-02,25595,15263
2021-05-03,119717,102719
2021-05-04,125016,121453
2021-05-05,146772,133623
2021-05-06,145349,138851
2021-05-07,129779,125698
2021-05-08,30143,20097
2021-05-09,21891,15525
2021-05-10,107075,138055
2021-05-11,138156,149773
2021-05-12,134184,145427
2021-05-13,127237,122372
2021-05-14,122335,106633
2021-05-15,37491,14850
2021-05-16,22607,12617
2021-05-17,120551,125888
2021-05-18,159715,150500
2021-05-19,164024,149853
2021-05-20,177893,157174
2021-05-21,118369,119311
2021-05-22,31700,20949
2021-05-23,21496,13569
2021-05-24,111876,117449
2021-05-25,154179,163434
2021-05-26,170472,160045
2021-05-27,165961,148742
2021-05-28,125861,109151
2021-05-29,29681,14661
2021-05-30,21092,13775
2021-05-31,52438,83740
2021-06-01,118817,142036
2021-06-02,148324,147038
2021-06-03,131099,142194
2021-06-04,142452,129312
2021-06-05,31451,17803
2021-06-06,27771,15323
2021-06-07,123292,141547
2021-06-08,154175,157216
2021-06-09,166840,163771
2021-06-10,181934,159144
2021-06-11,142074,139834
2021-06-12,30906,16718
2021-06-13,24793,13208
2021-06-14,136331,135452
2021-06-15,169207,156760
2021-06-16,186753,149114
2021-06-17,180034,153812
2021-06-18,142547,103302
2021-06-19,33625,11751
2021-06-20,30759,14118
2021-06-21,122052,130064
2021-06-22,163728,152459
2021-06-23,181181,150193
2021-06-24,166088,149770
2021-06-25,147345,126716
2021-06-26,32921,17726
2021-06-27,23711,14042
2021-06-28,144803,141941
2021-06-29,177358,153972
2021-06-30,177626,150432
2021-07-01,162720,139578
2021-07-02,124898,109224
2021-07-03,30409,15459
2021-07-04,28965,16014
2021-07-05,44353,88221
2021-07-06,69040,136785
2021-07-07,74795,142142
2021-07-08,73328,142817
2021-07-09,65136,119902
2021-07-10,25098,15676
2021-07-11,22484,16930
2021-07-12,120214,146120
2021-07-13,139353,159927
2021-07-14,151720,158937
2021-07-15,126840,170212
2021-07-16,88698,176310
2021-07-17,25250,22418
2021-07-18,21893,19802
2021-07-19,84447,191801
2021-07-20,99563,195607
2021-07-21,106468,198919
2021-07-22,112725,193023
2021-07-23,88595,153302
2021-07-24,29078,24430
2021-07-25,22718,20953
2021-07-26,94198,174010
2021-07-27,103501,204490
2021-07-28,106589,231152
2021-07-29,107877,222406
2021-07-30,94009,198167
2021-07-31,24045,50625
2021-08-01,26850,48888
2021-08-02,85912,183854
2021-08-03,104386,227396
2021-08-04,100765,225269
2021-08-05,99468,226849
2021-08-06,85693,201815
2021-08-07,23790,50187
2021-08-08,20843,45091
2021-08-09,93512,212161
2021-08-10,100071,228557
2021-08-11,112851,234569
2021-08-12,104680,228399
2021-08-13,86663,209249
2021-08-14,21772,48036
2021-08-15,17088,43512
2021-08-16,85302,215904
2021-08-17,102586,239198
2021-08-18,106713,236098
2021-08-19,106766,240344
2021-08-20,88808,203615
2021-08-21,23095,44014
2021-08-22,20525,41202
2021-08-23,88517,214016
2021-08-24,105609,232758
2021-08-25,109525,240895
2021-08-26,107762,250927
2021-08-27,88299,218783
2021-08-28,24883,45984
2021-08-29,20371,41412
2021-08-30,86161,219366
2021-08-31,98304,245221
2021-09-01,106372,249673
2021-09-02,94926,244138
2021-09-03,72383,180498
2021-09-04,23797,33924
2021-09-05,21888,19545
2021-09-06,36856,89942
2021-09-07,92060,206837
2021-09-08,104325,275184
2021-09-09,104088,251924
2021-09-10,92982,220884
2021-09-11,24175,38862
2021-09-12,18030,31253
2021-09-13,93191,224138
2021-09-14,103891,252200
2021-09-15,111408,263381
2021-09-16,117592,251932
2021-09-17,99848,211542
2021-09-18,28611,38549
2021-09-19,19858,32124
2021-09-20,115571,230580
2021-09-21,117096,265720
2021-09-22,120499,267581
2021-09-23,114279,261026
2021-09-24,96732,216277
2021-09-25,25102,42073
2021-09-26,21525,42356
2021-09-27,99919,239461
2021-09-28,113416,267099
2021-09-29,121260,274343
2021-09-30,119954,266099
2021-10-01,81553,225704
2021-10-02,23375,43175
2021-10-03,19886,38748
2021-10-04,92511,253486
2021-10-05,116584,275586
2021-10-06,114396,271555
2021-10-07,116663,273320
2021-10-08,108337,201280
2021-10-09,23521,32147
2021-10-10,22815,25563
2021-10-11,94764,184086
2021-10-12,119254,251790
2021-10-13,129039,242352
2021-10-14,122448,270122
2021-10-15,103544,232955
2021-10-16,26712,28758
2021-10-17,27347,25656
2021-10-18,92111,230207
2021-10-19,105377,257840
2021-10-20,109566,256873
2021-10-21,113825,252167
2021-10-22,86150,213878
2021-10-23,24105,27653
2021-10-24,28610,28541
2021-10-25,93657,241573
2021-10-26,96596,256513
2021-10-27,102270,259511
2021-10-28,108495,258513
2021-10-29,91587,192557
2021-10-30,28295,31044
2021-10-31,25156,30084
2021-11-01,83781,217841
2021-11-02,111840,250112
2021-11-03,117936,253867
2021-11-04,100890,255378
2021-11-05,85780,235027
2021-11-06,23398,36692
2021-11-07,23445,34322
2021-11-08,100097,240932
2021-11-09,111866,263562
2021-11-10,122111,260238
2021-11-11,99606,211004
2021-11-12,95159,215648
2021-11-13,36733,34394
2021-11-14,36609,27547
2021-11-15,105720,241647
2021-11-16,117751,283090
2021-11-17,114711,281687
2021-11-18,110364,273297
2021-11-19,97777,236482
2021-11-20,33806,53051
2021-11-21,27602,45602
2021-11-22,93460,242408
2021-11-23,106862,258801
2021-11-24,94590,235548
2021-11-25,58795,154098
2021-11-26,51034,115200
2021-11-27,23152,42216
2021-11-28,26244,47267
2021-11-29,106663,259945
2021-11-30,116139,276964
2021-12-01,122667,290941
2021-12-02,122822,271944
2021-12-03,92900,254997
2021-12-04,33097,38325
2021-12-05,27087,31940
2021-12-06,106985,254104
2021-12-07,91644,226650
2021-12-08,114358,236783
2021-12-09,126118,229562
2021-12-10,98847,197508
2021-12-11,33133,32972
2021-12-12,33435,25977
2021-12-13,101137,202175
2021-12-14,112434,222921
2021-12-15,126457,224247
2021-12-16,117996,210707
2021-12-17,118940,176698
2021-12-18,31082,30429
2021-12-19,34081,23472
2021-12-20,96009,165092
2021-12-21,108833,186028
2021-12-22,104905,157030
2021-12-23,92511,128602
2021-12-24,56798,48673
2021-12-25,20003,13352
2021-12-26,27044,16872
2021-12-27,45356,79286
2021-12-28,50094,97385
2021-12-29,47035,96468
2021-12-30,56267,77179
2021-12-31,36248,38281
2022-01-01,24081,14543
2022-01-02,33761,19421
2022-01-03,92478,110189
2022-01-04,114417,173348
2022-01-05,119137,188229
2022-01-06,121004,191710
2022-01-07,105612,173558
2022-01-08,31908,34504
2022-01-09,31925,29369
2022-01-10,110343,195428
2022-01-11,130945,233379
2022-01-12,135178,228605
2022-01-13,130154,220996
2022-01-14,102714,199297
2022-01-15,43412,43447
2022-01-16,35759,37627
2022-01-17,76016,149088
2022-01-18,118351,220236
2022-01-19,113025,245895
2022-01-20,121437,234189
2022-01-21,104447,209434
2022-01-22,51131,38023
2022-01-23,47030,27763
2022-01-24,122043,232361
2022-01-25,123309,257633
2022-01-26,113177,243921
2022-01-27,129039,261800
2022-01-28,112087,236206
2022-01-29,34177,45323
2022-01-30,40306,35650
2022-01-31,110105,216652
2022-02-01,131183,256037
2022-02-02,120353,260561
2022-02-03,142042,268758
2022-02-04,115109,212930
2022-02-05,34118,38545
2022-02-06,29952,34377
2022-02-07,122037,231344
2022-02-08,138067,272225
2022-02-09,144720,267745
2022-02-10,156329,255093
2022-02-11,137042,216113
2022-02-12,38713,35363
2022-02-13,36268,30848
2022-02-14,130576,230500
2022-02-15,150579,250747
2022-02-16,167484,259401
2022-02-17,155600,265610
2022-02-18,147085,223398
2022-02-19,52526,42864
2022-02-20,43954,34442
2022-02-21,90459,155301
2022-02-22,147247,238062
2022-02-23,151838,254297
2022-02-24,155425,251615
2022-02-25,134168,211558
2022-02-26,46063,50234
2022-02-27,43007,47176
2022-02-28,124890,229622
2022-03-01,157210,241416
2022-03-02,175093,260637
2022-03-03,167091,258112
2022-03-04,123808,220534
2022-03-05,51376,51757
2022-03-06,52735,42313
2022-03-07,133254,244889
2022-03-08,156480,271870
2022-03-09,152775,283269
2022-03-10,157506,284880
2022-03-11,117810,247717
2022-03-12,35060,67385
2022-03-13,30510,57881
2022-03-14,131323,278036
2022-03-15,148360,300902
2022-03-16,146178,277196
2022-03-17,132267,262894
2022-03-18,121877,222703
2022-03-19,44262,65406
2022-03-20,28975,59894
2022-03-21,135980,262286
2022-03-22,148534,290022
2022-03-23,168415,291169
2022-03-24,187099,257192
2022-03-25,158856,226105
2022-03-26,47827,44591
2022-03-27,34203,43575
2022-03-28,140546,256686
2022-03-29,174712,268918
2022-03-30,167515,268700
2022-03-31,243197,264319
2022-04-01,258690,230100
2022-04-02,51256,49687
2022-04-03,33959,42741
2022-04-04,252959,254355
2022-04-05,287176,268592
2022-04-06,271870,259384
2022-04-07,258838,282613
2022-04-08,266999,230974
2022-04-09,37520,58316
2022-04-10,65920,50316
2022-04-11,221422,253170
2022-04-12,245513,283114
2022-04-13,242351,271132
2022-04-14,150219,254517
2022-04-15,118752,166201
2022-04-16,59797,47994
2022-04-17,26197,43714
2022-04-18,210662,188452
2022-04-19,242934,263294
2022-04-20,233163,275480
2022-04-21,241025,268064
2022-04-22,234253,233672
2022-04-23,53048,49598
2022-04-24,30059,49389
2022-04-25,220791,258427
2022-04-26,282094,298500
2022-04-27,242200,286799
2022-04-28,227236,270053
2022-04-29,130335,225679
2022-04-30,36597,44212
2022-05-01,31416,42707
2022-05-02,129713,218799
2022-05-03,150157,248759
2022-05-04,164029,257127
2022-05-05,164781,254224
2022-05-06,147541,222457
2022-05-07,46271,53133
2022-05-08,46248,35734
2022-05-09,146804,257419
2022-05-10,157465,268334
2022-05-11,151461,267149
2022-05-12,148736,268035
2022-05-13,127786,226039
2022-05-14,33879,46649
2022-05-15,43944,47120
2022-05-16,140628,258278
2022-05-17,178545,288409
2022-05-18,165404,284575
2022-05-19,160437,280836
2022-05-20,133183,231096
2022-05-21,36754,46542
2022-05-22,30284,43876
2022-05-23,139124,236610
2022-05-24,154271,274912
2022-05-25,166493,268698
2022-05-26,153913,245230
2022-05-27,130764,207291
2022-05-28,50005,43598
2022-05-29,32771,42697
2022-05-30,83185,172985
2022-05-31,153592,264930
2022-06-01,174762,279871
2022-06-02,168778,282108
2022-06-03,140314,234626
2022-06-04,42572,38816
2022-06-05,32161,30037
2022-06-06,142980,231234
2022-06-07,184205,275235
2022-06-08,192975,277429
2022-06-09,176413,267259
2022-06-10,143060,229641
2022-06-11,34532,33046
2022-06-12,27430,29562
2022-06-13,151181,250350
2022-06-14,166162,284201
2022-06-15,165036,283331
2022-06-16,151429,264120
2022-06-17,129824,214530
2022-06-18,36150,31221
2022-06-19,35260,30344
2022-06-20,91282,177329
2022-06-21,159324,261165
2022-06-22,176919,277694
2022-06-23,170766,274789
2022-06-24,146351,231243
2022-06-25,33232,34997
2022-06-26,39405,38265
2022-06-27,147423,260666
2022-06-28,166521,290945
2022-06-29,163549,302748
2022-06-30,159553,269299
2022-07-01,129150,192402
2022-07-02,30247,28621
2022-07-03,34334,31210
2022-07-04,66830,149647
2022-07-05,128285,256140
2022-07-06,154301,280312
2022-07-07,136580,272561
2022-07-08,134513,231766
2022-07-09,33116,35345
2022-07-10,23947,30493
2022-07-11,145665,270946
2022-07-12,153833,283704
2022-07-13,153448,290167
2022-07-14,143094,275426
2022-07-15,128143,239356
2022-07-16,41304,32311
2022-07-17,40783,34372
2022-07-18,148457,278221
2022-07-19,176168,311634
2022-07-20,168905,321469
2022-07-21,168140,298421
2022-07-22,159045,0
2022-07-23,41459,34611
2022-07-24,47809,33532
2022-07-25,139918,284587
2022-07-26,166181,318037
2022-07-27,163108,315667
2022-07-28,165816,308118
2022-07-29,139227,254274
2022-07-30,41311,46080
2022-07-31,36038,42706
2022-08-01,150136,269972
2022-08-02,177300,308315
2022-08-03,182816,317643
2022-08-04,183065,303174
2022-08-05,146907,243171
2022-08-06,33350,39028
2022-08-07,31275,35161
2022-08-08,148710,282112
2022-08-09,185780,314199
2022-08-10,150273,301307
2022-08-11,149378,278620
2022-08-12,137627,243071
2022-08-13,40413,33320
2022-08-14,40317,35289
2022-08-15,131592,264931
2022-08-16,192309,322932
2022-08-17,168953,310642
2022-08-18,178655,299153
2022-08-19,136277,260430
2022-08-20,51085,37440
2022-08-21,37074,35439
2022-08-22,167291,301815
2022-08-23,191858,313511
2022-08-24,186053,327095
2022-08-25,199916,316033
2022-08-26,144651,257690
2022-08-27,33389,39390
2022-08-28,33660,33324
2022-08-29,155724,286219
2022-08-30,191650,325560
2022-08-31,191947,319290
2022-09-01,159598,308998
2022-09-02,120043,235597
2022-09-03,25315,34255
2022-09-04,33421,35104
2022-09-05,66450,156842
2022-09-06,161011,285428
2022-09-07,177214,298089
2022-09-08,160795,322149
2022-09-09,140711,262244
2022-09-10,27401,37864
2022-09-11,24737,38720
2022-09-12,151082,290223
2022-09-13,167737,336788
2022-09-14,176944,335452
2022-09-15,147378,332687
2022-09-16,137001,282899
2022-09-17,30194,45044
2022-09-18,29863,42246
2022-09-19,171959,289370
2022-09-20,144795,335895
2022-09-21,149060,322660
2022-09-22,134461,321924
2022-09-23,117827,264175
2022-09-24,50273,42341
2022-09-25,27867,32762
2022-09-26,134896,310402
2022-09-27,153330,328615
2022-09-28,153913,342166
2022-09-29,152278,345756
2022-09-30,130795,254956
2022-10-01,27119,40777
2022-10-02,34887,36747
2022-10-03,158366,274843
2022-10-04,156743,310758
2022-10-05,141011,298990
2022-10-06,158768,324238
2022-10-07,133797,266158
2022-10-08,25731,46656
2022-10-09,20570,39727
2022-10-10,139311,235282
2022-10-11,181917,326420
2022-10-12,162321,333862
2022-10-13,156179,341413
2022-10-14,137517,310566
2022-10-15,25022,46748
2022-10-16,22571,36770
2022-10-17,140185,313408
2022-10-18,151017,339142
2022-10-19,147174,336209
2022-10-20,145942,329351
2022-10-21,112124,287840
2022-10-22,19451,44731
2022-10-23,27793,44164
2022-10-24,133665,316105
2022-10-25,163049,365082
2022-10-26,159528,362451
2022-10-27,162848,361566
2022-10-28,133308,311121
2022-10-29,41045,55835
2022-10-30,24943,46773
2022-10-31,138174,324041
2022-11-01,126362,329377
2022-11-02,139304,361327
2022-11-03,149646,358558
2022-11-04,154714,305030
2022-11-05,32274,51272
2022-11-06,24108,44465
2022-11-07,137294,334679
2022-11-08,159431,376068
2022-11-09,175223,375337
2022-11-10,145607,359314
2022-11-11,120685,234653
2022-11-12,25219,42589
2022-11-13,34422,41982
2022-11-14,131012,327738
2022-11-15,156901,363088
2022-11-16,168860,369007
2022-11-17,160270,389156
2022-11-18,150816,331874
2022-11-19,25665,60272
2022-11-20,26382,42482
2022-11-21,149151,349856
2022-11-22,152182,368187
2022-11-23,151580,340478
2022-11-24,69046,239137
2022-11-25,73283,181481
2022-11-26,22965,31916
2022-11-27,37592,36230
2022-11-28,142364,327217
2022-11-29,143664,384597
2022-11-30,158006,380931
2022-12-01,156366,371288
2022-12-02,153234,316782
2022-12-03,46058,61405
2022-12-04,33779,46733
2022-12-05,144792,336425
2022-12-06,192270,388747
2022-12-07,161181,393395
2022-12-08,174786,361712
2022-12-09,151394,308577
2022-12-10,48564,50280
2022-12-11,33201,42356
2022-12-12,146908,325348
2022-12-13,153776,361381
2022-12-14,156634,371637
2022-12-15,146094,353876
2022-12-16,113336,309129
2022-12-17,42703,52839
2022-12-18,29280,42611
2022-12-19,117166,293367
2022-12-20,150025,310765
2022-12-21,148474,288105
2022-12-22,123308,257312
2022-12-23,79654,157736
2022-12-24,29080,31262
2022-12-25,45091,27591
2022-12-26,45088,76407
2022-12-27,65057,135225
2022-12-28,65197,149010
2022-12-29,68415,143295
2022-12-30,49566,104726
2022-12-31,41078,29025
2023-01-01,44709,29247
2023-01-02,55341,103697
2023-01-03,131174,285607
2023-01-04,144611,314678
2023-01-05,140069,328630
2023-01-06,136509,270585
2023-01-07,44454,49984
2023-01-08,45594,41493
2023-01-09,137194,321842
2023-01-10,174672,371869
2023-01-11,197416,372583
2023-01-12,178560,352326
2023-01-13,140597,310679
2023-01-14,57786,51567
2023-01-15,77713,42628
2023-01-16,124757,224697
2023-01-17,192750,335557
2023-01-18,254475,347016
2023-01-19,224361,336267
2023-01-20,183156,299122
2023-01-21,54850,46264
2023-01-22,63086,40407
2023-01-23,209050,309508
2023-01-24,244822,355352
2023-01-25,205351,356426
2023-01-26,157801,337548
2023-01-27,161814,301313
2023-01-28,54873,54602
2023-01-29,42440,49099
2023-01-30,170510,328878
2023-01-31,196305,368418
2023-02-01,191712,401624
2023-02-02,167342,371347
2023-02-03,159440,326842
2023-02-04,43332,55627
2023-02-05,42665,43535
2023-02-06,168366,353106
2023-02-07,184687,405119
2023-02-08,181381,397857
2023-02-09,195715,384483
2023-02-10,146501,331950
2023-02-11,63614,50646
2023-02-12,56445,45747
2023-02-13,187426,339883
2023-02-14,184140,384591
2023-02-15,194676,381528
2023-02-16,193128,380900
2023-02-17,155168,350161
2023-02-18,54482,59881
2023-02-19,54681,47623
2023-02-20,125957,231558
2023-02-21,175008,360897
2023-02-22,196753,405032
2023-02-23,211910,405660
2023-02-24,167128,380458
2023-02-25,52700,75395
2023-02-26,54370,56238
2023-02-27,189336,321458
2023-02-28,226349,354677
2023-03-01,207223,414403
2023-03-02,204518,435368
2023-03-03,192705,380155
2023-03-04,62280,66116
2023-03-05,65929,51217
2023-03-06,203293,416327
2023-03-07,208423,465404
2023-03-08,184236,426998
2023-03-09,195761,463483
2023-03-10,168305,403294
2023-03-11,49939,70490
2023-03-12,59000,59143
2023-03-13,186905,448062
2023-03-14,216372,470054
2023-03-15,207406,466023
2023-03-16,189477,458951
2023-03-17,150156,344041
2023-03-18,54472,51773
2023-03-19,65774,62124
2023-03-20,201652,415831
2023-03-21,207504,458185
2023-03-22,210842,462237
2023-03-23,206685,445354
2023-03-24,167873,371161
2023-03-25,65107,55598
2023-03-26,52112,59485
2023-03-27,199578,418656
2023-03-28,233702,469283
2023-03-29,200186,445651
2023-03-30,210725,461252
2023-03-31,161924,379476
2023-04-01,64112,57686
2023-04-02,57434,58236
2023-04-03,201956,443629
2023-04-04,214970,460030
2023-04-05,213864,402362
2023-04-06,203196,420186
2023-04-07,141506,283545
2023-04-08,41578,44712
2023-04-09,55304,48924
2023-04-10,164641,325348
2023-04-11,214884,440467
2023-04-12,199405,411891
2023-04-13,200408,413833
2023-04-14,163119,360702
2023-04-15,43100,47625
2023-04-16,44753,59395
2023-04-17,191626,397800
2023-04-18,217434,431612
2023-04-19,223059,416214
2023-04-20,220333,398116
2023-04-21,176833,326334
2023-04-22,59627,52482
2023-04-23,86040,65902
2023-04-24,183154,402605
2023-04-25,235877,430683
2023-04-26,254736,420583
2023-04-27,215817,422806
2023-04-28,197385,358792
2023-04-29,54083,54596
2023-04-30,53622,60906
2023-05-01,161469,276651
2023-05-02,219495,396367
2023-05-03,238108,401543
2023-05-04,212677,403240
2023-05-05,189140,350231
2023-05-06,46829,55259
2023-05-07,56718,58135
2023-05-08,221768,377183
2023-05-09,231652,418112
2023-05-10,234133,406133
2023-05-11,220576,438542
2023-05-12,187734,362036
2023-05-13,49379,55476
2023-05-14,59671,65810
2023-05-15,194525,414737
2023-05-16,243048,423651
2023-05-17,225719,433776
2023-05-18,212393,390708
2023-05-19,202062,351884
2023-05-20,60958,54866
2023-05-21,62791,66933
2023-05-22,209872,362478
2023-05-23,232962,444459
2023-05-24,227924,445307
2023-05-25,207333,418781
2023-05-26,201893,342506
2023-05-27,53468,47243
2023-05-28,58013,61175
2023-05-29,126552,230676
2023-05-30,221854,416305
2023-05-31,237117,442224
2023-06-01,235436,433153
2023-06-02,216017,360727
2023-06-03,54753,55392
2023-06-04,84913,64055
2023-06-05,258196,422485
2023-06-06,242604,441973
2023-06-07,250127,450345
2023-06-08,236909,426767
2023-06-09,222217,360390
2023-06-10,78293,50202
2023-06-11,63519,57779
2023-06-12,220361,421549
2023-06-13,277434,451119
2023-06-14,265866,455057
2023-06-15,255931,450883
2023-06-16,200440,362676
2023-06-17,69704,56902
2023-06-18,49781,66106
2023-06-19,133529,325397
2023-06-20,232110,455624
2023-06-21,226516,474606
2023-06-22,222226,445822
2023-06-23,192667,381199
2023-06-24,56098,56171
2023-06-25,64792,74135
2023-06-26,229558,433981
2023-06-27,226604,462013
2023-06-28,217345,460410
2023-06-29,199076,427633
2023-06-30,185046,321498
2023-07-01,52138,59979
2023-07-02,76605,63857
2023-07-03,177723,294375
2023-07-04,141092,301080
2023-07-05,204278,436437
2023-07-06,221669,463705
2023-07-07,183254,401412
2023-07-08,50363,70502
2023-07-09,74379,69202
2023-07-10,199222,467121
2023-07-11,237084,534057
2023-07-12,206719,489702
2023-07-13,232423,482246
2023-07-14,169223,378896
2023-07-15,62596,58441
2023-07-16,91265,65129
2023-07-17,212738,438363
2023-07-18,260058,468665
2023-07-19,229370,476847
2023-07-20,229271,457335
2023-07-21,202769,405506
2023-07-22,64065,61620
2023-07-23,75482,69343
2023-07-24,245333,461846
2023-07-25,265332,490872
2023-07-26,295951,477371
2023-07-27,289131,465864
2023-07-28,206796,413859
2023-07-29,63847,62438
2023-07-30,65062,71756
2023-07-31,259542,456745
2023-08-01,267002,500339
2023-08-02,256709,470471
2023-08-03,247625,491352
2023-08-04,289225,429212
2023-08-05,71599,59052
2023-08-06,89160,71251
2023-08-07,264365,407919
2023-08-08,283424,516903
2023-08-09,258615,514483
2023-08-10,288744,487674
2023-08-11,210917,412482
2023-08-12,68726,60521
2023-08-13,56132,70887
2023-08-14,206115,458603
2023-08-15,219177,457502
2023-08-16,244344,507908
2023-08-17,246308,482731
2023-08-18,205059,407197
2023-08-19,48237,60549
2023-08-20,55567,64089
2023-08-21,268329,484369
2023-08-22,301915,503475
2023-08-23,290453,510006
2023-08-24,307518,516426
2023-08-25,266251,399416
2023-08-26,72973,71538
2023-08-27,84400,68524
2023-08-28,281212,465506
2023-08-29,289717,529749
2023-08-30,266302,511870
2023-08-31,258055,500226
2023-09-01,199905,409260
2023-09-02,48798,76110
2023-09-03,68955,80564
2023-09-04,145295,269286
2023-09-05,248013,495176
2023-09-06,303960,544788
2023-09-07,269492,508292
2023-09-08,260713,438640
2023-09-09,68706,63514
2023-09-10,86660,57051
2023-09-11,292072,490156
2023-09-12,312022,530708
2023-09-13,298958,524028
2023-09-14,285448,517804
2023-09-15,227478,429920
2023-09-16,56386,59992
2023-09-17,47876,51525
2023-09-18,251562,430253
2023-09-19,271473,471138
2023-09-20,269607,475194
2023-09-21,272180,476499
2023-09-22,263076,403613
2023-09-23,82093,58423
2023-09-24,67904,48268
2023-09-25,277425,444997
2023-09-26,310032,494396
2023-09-27,297833,466054
2023-09-28,261433,450350
2023-09-29,231210,385954
2023-09-30,65810,60956
2023-10-01,62138,65881
2023-10-02,256617,372993
2023-10-03,284221,440547
2023-10-04,312601,445402
2023-10-05,247035,433963
2023-10-06,254796,378565
2023-10-07,97314,58996
2023-10-08,82913,53875
2023-10-09,207192,327186
2023-10-10,270652,448234
2023-10-11,290129,445686
2023-10-12,268275,431177
2023-10-13,235116,346820
2023-10-14,75525,56717
2023-10-15,68110,55353
2023-10-16,282829,403727
2023-10-17,314779,439183
2023-10-18,313306,460793
2023-10-19,298408,443792
2023-10-20,239389,377420
2023-10-21,70373,61652
2023-10-22,77030,55063
2023-10-23,267454,406791
2023-10-24,363033,436142
2023-10-25,332753,454545
2023-10-26,374849,444031
2023-10-27,320144,388008
2023-10-28,95146,54486
2023-10-29,94703,52989
2023-10-30,315394,409777
2023-10-31,311706,427961
2023-11-01,274044,364011
2023-11-02,308922,120291
2023-11-03,252313,0
2023-11-04,68895,58485
2023-11-05,78980,58032
2023-11-06,327607,404232
2023-11-07,336877,439292
2023-11-08,304384,438040
2023-11-09,302182,429430
2023-11-10,241183,337449
2023-11-11,60442,58637
2023-11-12,67951,55761
2023-11-13,284583,382569
2023-11-14,300083,417058
2023-11-15,312101,405474
2023-11-16,332009,413241
2023-11-17,314408,344620
2023-11-18,76420,65079
2023-11-19,69643,56212
2023-11-20,291864,372271
2023-11-21,313314,409682
2023-11-22,263782,353975
2023-11-23,170642,247890
2023-11-24,147113,204727
2023-11-25,61977,49991
2023-11-26,71996,61218
2023-11-27,271906,368264
2023-11-28,296605,421718
2023-11-29,323039,424540
2023-11-30,296087,414005
2023-12-01,231328,352832
2023-12-02,66487,79410
2023-12-03,70307,63406
2023-12-04,324611,388867
2023-12-05,315435,413113
2023-12-06,305533,399392
2023-12-07,311728,388705
2023-12-08,283541,330349
2023-12-09,86578,65044
2023-12-10,102008,56934
2023-12-11,302047,380803
2023-12-12,350806,414888
2023-12-13,310952,399991
2023-12-14,292127,398008
2023-12-15,228773,336757
2023-12-16,77688,69387
2023-12-17,134698,58410
2023-12-18,292570,358019
2023-12-19,331697,398480
2023-12-20,316954,358459
2023-12-21,284790,312929
2023-12-22,245693,213698
2023-12-23,88214,41028
2023-12-24,90317,43041
2023-12-25,120966,74121
2023-12-26,157230,123171
2023-12-27,176477,168430
2023-12-28,203229,168347
2023-12-29,148101,132326
2023-12-30,86300,42045
2023-12-31,88898,41942
2024-01-01,103041,67681
2024-01-02,262589,273618
2024-01-03,292859,335209
2024-01-04,312834,344875
2024-01-05,273165,315073
2024-01-06,112407,58409
2024-01-07,92286,53876
2024-01-08,299511,363338
2024-01-09,331303,396519
2024-01-10,342748,410798
2024-01-11,336143,401778
2024-01-12,299821,353635
2024-01-13,111461,63552
2024-01-14,115899,60185
2024-01-15,233536,268959
2024-01-16,330912,386534
2024-01-17,386853,412804
2024-01-18,364095,396439
2024-01-19,313878,365655
2024-01-20,119539,70187
2024-01-21,143233,57510
2024-01-22,338044,398563
2024-01-23,399452,425610
2024-01-24,383732,416113
2024-01-25,367842,431279
2024-01-26,289065,350188
2024-01-27,130736,67741
2024-01-28,113595,61803
2024-01-29,341299,399501
2024-01-30,388758,435212
2024-01-31,364070,418999
2024-02-01,370591,416741
2024-02-02,353606,365933
2024-02-03,150630,66055
2024-02-04,113086,62914
2024-02-05,344313,391464
2024-02-06,375389,406585
2024-02-07,383741,401670
2024-02-08,335563,404880
2024-02-09,276445,352386
2024-02-10,119800,66564
2024-02-11,102100,60089
2024-02-12,313662,363903
2024-02-13,388820,424963
2024-02-14,385918,404219
2024-02-15,370449,411876
2024-02-16,334244,357211
2024-02-17,134067,67029
2024-02-18,128748,62448
2024-02-19,273901,294396
2024-02-20,459707,424096
2024-02-21,432762,443760
2024-02-22,425879,440130
2024-02-23,408601,382525
2024-02-24,139714,73251
2024-02-25,144227,68509
2024-02-26,373084,425532
2024-02-27,496348,464492
2024-02-28,394983,462396
2024-02-29,376080,449406
2024-03-01,318047,379572
2024-03-02,115825,66775
2024-03-03,104694,59848
2024-03-04,352552,415988
2024-03-05,377453,439549
2024-03-06,378696,448551
2024-03-07,372986,467579
2024-03-08,313128,383880
2024-03-09,107921,72505
2024-03-10,90681,66726
2024-03-11,322351,468491
2024-03-12,339607,477658
2024-03-13,338589,470023
2024-03-14,318865,446703
2024-03-15,297964,394939
2024-03-16,74643,65371
2024-03-17,95709,63473
2024-03-18,322341,457553
2024-03-19,340193,471440
2024-03-20,353114,456093
2024-03-21,350932,478795
2024-03-22,317704,405134
2024-03-23,84786,67908
2024-03-24,87975,67965
2024-03-25,324433,447771
2024-03-26,380123,319190
2024-03-27,343090,481997
2024-03-28,343530,445638
2024-03-29,232497,286168
2024-03-30,101102,62556
2024-03-31,72760,67171
2024-04-01,272073,335972
2024-04-02,353934,469244
2024-04-03,360780,493254
2024-04-04,337292,475355
2024-04-05,311683,397985
2024-04-06,95520,67098
2024-04-07,119663,72139
2024-04-08,307301,436249
2024-04-09,342430,445361
2024-04-10,323220,433864
2024-04-11,324006,457352
2024-04-12,333457,394888
2024-04-13,67260,58933
2024-04-14,112441,59354
2024-04-15,346695,440444
2024-04-16,356084,466003
2024-04-17,391593,457502
2024-04-18,363995,463079
2024-04-19,318869,383535
2024-04-20,104411,56764
2024-04-21,82093,58908
2024-04-22,359035,433839
2024-04-23,346224,472582
2024-04-24,348811,465408
2024-04-25,365407,466492
2024-04-26,267776,390456
2024-04-27,72936,60313
2024-04-28,71374,56792
2024-04-29,344407,434504
2024-04-30,340083,473660
2024-05-01,290763,334332
2024-05-02,328331,436024
2024-05-03,308033,373020
2024-05-04,75552,69068
2024-05-05,87746,65870
2024-05-06,333757,397536
2024-05-07,376034,465014
2024-05-08,337083,450114
2024-05-09,405963,408338
2024-05-10,311058,385292
2024-05-11,78737,65854
2024-05-12,87248,59834
2024-05-13,361723,454813
2024-05-14,439357,477568
2024-05-15,333988,469560
2024-05-16,388249,472467
2024-05-17,292842,409001
2024-05-18,85340,53999
2024-05-19,103912,58064
2024-05-20,331408,397450
2024-05-21,480789,486856
2024-05-22,438675,482271
2024-05-23,415306,454318
2024-05-24,387896,387380
2024-05-25,87223,54229
2024-05-26,99131,58161
2024-05-27,200682,281293
2024-05-28,442303,461757
2024-05-29,473057,486414
2024-05-30,445445,448217
2024-05-31,380524,400100
2024-06-01,99963,61971
2024-06-02,103803,62687
2024-06-03,408323,461903
2024-06-04,445912,478798
2024-06-05,463971,478297
2024-06-06,462608,478690
2024-06-07,411317,403259
2024-06-08,103122,62607
2024-06-09,99774,60685
2024-06-10,436631,452215
2024-06-11,433874,490436
2024-06-12,450039,479301
2024-06-13,469555,493030
2024-06-14,379985,412769
2024-06-15,140691,61576
2024-06-16,95491,60395
2024-06-17,397378,435955
2024-06-18,460655,483209
2024-06-19,277746,364229
2024-06-20,449936,453645
2024-06-21,464898,401353
2024-06-22,104738,64622
2024-06-23,107308,63254
2024-06-24,394557,454945
2024-06-25,485572,491515
2024-06-26,465004,492717
2024-06-27,447048,494568
2024-06-28,387843,381427
2024-06-29,114470,57680
2024-06-30,97247,59281
2024-07-01,324640,445329
2024-07-02,371333,506321
2024-07-03,370102,480082
2024-07-04,222260,307160
2024-07-05,257925,285899
2024-07-06,79867,52932
2024-07-07,108314,59864
2024-07-08,472094,459297
2024-07-09,477088,480158
2024-07-10,452799,485087
2024-07-11,465552,482294
2024-07-12,396863,421421
2024-07-13,91983,65118
2024-07-14,97842,62062
2024-07-15,430724,446645
2024-07-16,492853,489645
2024-07-17,501295,505179
2024-07-18,498666,495454
2024-07-19,476831,408581
2024-07-20,128031,60864
2024-07-21,131746,61085
2024-07-22,608797,472533
2024-07-23,723897,519806
2024-07-24,691065,505350
2024-07-25,530047,488687
2024-07-26,404182,400580
2024-07-27,116710,60127
2024-07-28,92468,65269
2024-07-29,437143,474643
2024-07-30,470940,499013
2024-07-31,468728,496532
2024-08-01,498218,509690
2024-08-02,514866,430832
2024-08-03,137501,67160
2024-08-04,126710,65590
2024-08-05,605219,483275
2024-08-06,599139,544204
2024-08-07,498819,557660
2024-08-08,562973,562187
2024-08-09,461267,451032
2024-08-10,148136,79670
2024-08-11,127519,76996
2024-08-12,449468,490315
2024-08-13,570850,558636
2024-08-14,612641,531147
2024-08-15,461692,442586
2024-08-16,444119,425166
2024-08-17,178136,68043
2024-08-18,133667,67168
2024-08-19,448334,482139
2024-08-20,504340,548917
2024-08-21,521801,501316
2024-08-22,521900,508322
2024-08-23,444030,441476
2024-08-24,155726,70133
2024-08-25,124474,73364
2024-08-26,460300,484151
2024-08-27,574369,545317
2024-08-28,569586,533755
2024-08-29,621647,513454
2024-08-30,517663,409245
2024-08-31,168544,67683
2024-09-01,140511,76891
2024-09-02,253274,314744
2024-09-03,556645,518372
2024-09-04,595933,555284
2024-09-05,648509,547310
2024-09-06,591085,430236
2024-09-07,196785,68633
2024-09-08,154057,74715
2024-09-09,641663,478889
2024-09-10,752397,521111
2024-09-11,670472,520717
2024-09-12,551309,552551
2024-09-13,565969,463106
2024-09-14,185753,67091
2024-09-15,161961,70411
2024-09-16,539243,478872
2024-09-17,589931,535679
2024-09-18,610019,557852
2024-09-19,592844,538054
2024-09-20,558878,459213
2024-09-21,172811,73537
2024-09-22,155675,77752
2024-09-23,623369,516661
2024-09-24,765315,553806
2024-09-25,803943,555983
2024-09-26,744783,544415
2024-09-27,716002,455821
2024-09-28,294560,75199
2024-09-29,210374,79997
2024-09-30,734286,505957
2024-10-01,1019051,538332
2024-10-02,1143280,532806
2024-10-03,799687,549656
2024-10-04,929991,522333
2024-10-05,376099,82606
2024-10-06,247115,77582
2024-10-07,1005053,579089
2024-10-08,1182022,641888
2024-10-09,1194168,658900
2024-10-10,1092890,641417
2024-10-11,1001669,515641
2024-10-12,268377,86145
2024-10-13,158739,78785
2024-10-14,440366,488806
2024-10-15,521838,639463
2024-10-16,493417,605238
2024-10-17,442567,629358
2024-10-18,460290,522511
2024-10-19,152458,81155
2024-10-20,207509,78852
2024-10-21,502043,594705
2024-10-22,598363,637372
2024-10-23,476926,613363
2024-10-24,619487,548912
2024-10-25,561437,539765
2024-10-26,109271,88060
2024-10-27,104601,84689
2024-10-28,470509,588372
2024-10-29,486437,656801
2024-10-30,471181,586758
2024-10-31,487551,558844
2024-11-01,423933,412539
2024-11-02,139565,77962
2024-11-03,126762,81103
2024-11-04,464945,549343
2024-11-05,530223,568566
2024-11-06,563894,591379
2024-11-07,923498,603627
2024-11-08,729353,545462
2024-11-09,129189,87924
2024-11-10,100049,83819
2024-11-11,367028,461555
2024-11-12,484913,615176
2024-11-13,498757,648002
2024-11-14,462321,572033
2024-11-15,484042,549576
2024-11-16,199856,95252
2024-11-17,147112,85204
2024-11-18,429955,613978
2024-11-19,534541,659673
2024-11-20,525554,657010
2024-11-21,518754,705336
2024-11-22,441220,586320
2024-11-23,191395,97906
2024-11-24,106942,86514
2024-11-25,428955,583867
2024-11-26,475368,658199
2024-11-27,415521,520690
2024-11-28,262610,380242
2024-11-29,217108,308177
2024-11-30,164102,53211
2024-12-01,127709,71765
2024-12-02,371088,539345
2024-12-03,463585,616082
2024-12-04,436097,676831
2024-12-05,402545,654605
2024-12-06,358207,530122
2024-12-07,183757,80190
2024-12-08,264578,72064
2024-12-09,473097,605962
2024-12-10,517098,632009
2024-12-11,456454,596703
2024-12-12,474234,594114
2024-12-13,486682,473361
2024-12-14,256108,76425
2024-12-15,129053,75658
2024-12-16,455050,556389
2024-12-17,461082,591275
2024-12-18,459855,597190
2024-12-19,515528,624079
2024-12-20,395682,516881
2024-12-21,112542,73496
2024-12-22,153218,65476
2024-12-23,248653,300371
2024-12-24,184769,207432
2024-12-25,102312,108630
2024-12-26,221972,178440
2024-12-27,224736,190928
2024-12-28,94739,57784
2024-12-29,88399,75517
2024-12-30,238590,241610
2024-12-31,219411,186725
2025-01-01,106558,87215
2025-01-02,305559,339893
2025-01-03,388463,358261
2025-01-04,110031,75703
2025-01-05,98446,73124
2025-01-06,343999,462651
2025-01-07,475843,526654
2025-01-08,477843,566941
2025-01-09,547551,564530
2025-01-10,436786,531540
2025-01-11,203846,81824
2025-01-12,152025,77850
2025-01-13,474824,516667
2025-01-14,535055,584514
2025-01-15,494570,617717
2025-01-16,546308,609657
2025-01-17,498257,569506
2025-01-18,176851,91501
2025-01-19,185043,87190
2025-01-20,286408,440162
2025-01-21,458353,572848
2025-01-22,500016,620432
2025-01-23,465158,644887
2025-01-24,421393,559702
2025-01-25,154620,98841
2025-01-26,113683,93295
2025-01-27,447247,624858
2025-01-28,511852,676118
2025-01-29,459426,651437
2025-01-30,474703,621930
2025-01-31,433940,574075
2025-02-01,195166,115764
2025-02-02,125860,89754
2025-02-03,429330,658610
2025-02-04,526023,671646
2025-02-05,495873,686870
2025-02-06,482411,685349
2025-02-07,484722,600928
2025-02-08,163670,92805
2025-02-09,123913,95487
2025-02-10,537380,640195
2025-02-11,617445,696783
2025-02-12,572348,675947
2025-02-13,583305,689913
2025-02-14,470098,576984
2025-02-15,153460,94086
2025-02-16,190392,107281
2025-02-17,319642,505577
2025-02-18,495417,676568
2025-02-19,564131,733394
2025-02-20,544186,679189
2025-02-21,472864,612648
2025-02-22,148878,101908
2025-02-23,145903,97903
2025-02-24,459036,655236
2025-02-25,522109,753224
2025-02-26,559709,768085
2025-02-27,604042,740935
2025-02-28,559077,641933
2025-03-01,149894,156395
2025-03-02,118473,155612
2025-03-03,474763,696894
2025-03-04,533107,742665
2025-03-05,552096,704854
2025-03-06,571273,729866
2025-03-07,512457,615076
2025-03-08,164536,112023
2025-03-09,173082,115815
2025-03-10,586683,665941
2025-03-11,598870,774116
2025-03-12,592469,757680
2025-03-13,592285,756587
2025-03-14,493350,583861
2025-03-15,167992,98774
2025-03-16,135790,94200
2025-03-17,539970,669228
2025-03-18,761008,730387
2025-03-19,659266,740607
2025-03-20,734570,696826
2025-03-21,595644,580161
2025-03-22,200279,89936
2025-03-23,183188,101082
2025-03-24,621777,678603
2025-03-25,668381,721576
2025-03-26,671417,694258
2025-03-27,644597,694335
2025-03-28,615222,609506
2025-03-29,164693,87836
2025-03-30,134268,110738
2025-03-31,548726,695475
2025-04-01,628754,779710
2025-04-02,594186,727022
2025-04-03,697348,692280
2025-04-04,568064,562920
2025-04-05,165959,91673
2025-04-06,172194,100623
2025-04-07,610185,673049
2025-04-08,744328,718356
2025-04-09,707010,716495
2025-04-10,649813,701269
2025-04-11,633520,579580
2025-04-12,202808,93000
2025-04-13,153416,78284
2025-04-14,563680,673255
2025-04-15,708849,733133
2025-04-16,676630,746211
2025-04-17,634858,691276
2025-04-18,517029,420362
2025-04-19,236803,90701
2025-04-20,188132,100999
2025-04-21,518169,489685
2025-04-22,696766,715615
2025-04-23,715753,709198
2025-04-24,742666,712099
2025-04-25,717667,597705
2025-04-26,235604,91262
2025-04-27,171839,111251
2025-04-28,662942,663657
2025-04-29,714384,710438
2025-04-30,669059,684014
2025-05-01,499592,507139
2025-05-02,519809,531410
2025-05-03,213326,102512
2025-05-04,156098,116042
2025-05-05,610793,612655
2025-05-06,839767,712701
2025-05-07,774720,707357
2025-05-08,652478,655227
2025-05-09,596273,591148
2025-05-10,163919,100066
2025-05-11,165191,102805
2025-05-12,671826,681594
2025-05-13,697136,730168
2025-05-14,692298,737701
2025-05-15,733850,728819
2025-05-16,579801,607658
2025-05-17,191927,105967
2025-05-18,155370,115599
2025-05-19,616179,660364
2025-05-20,662940,739331
2025-05-21,672025,750847
2025-05-22,654274,712611
2025-05-23,576231,599128
2025-05-24,178591,104365
2025-05-25,149823,115817
2025-05-26,400759,420324
2025-05-27,674927,745307
2025-05-28,688716,749280
2025-05-29,678804,667820
2025-05-30,675077,627770
2025-05-31,205241,103044
2025-06-01,171844,110096
2025-06-02,661540,699072
2025-06-03,806638,760064
2025-06-04,768722,750282
2025-06-05,672777,731454
2025-06-06,629484,596242
2025-06-07,261439,103190
2025-06-08,165127,104907
2025-06-09,541449,607862
2025-06-10,687643,715942
2025-06-11,708870,739130
2025-06-12,664277,691155
2025-06-13,653514,642112
2025-06-14,210042,118070
2025-06-15,144232,123927
2025-06-16,653856,718108
2025-06-17,797550,775841
2025-06-18,814381,855640
2025-06-19,455055,507979
2025-06-20,535381,567140
2025-06-21,178132,128669
2025-06-22,148889,135922
2025-06-23,673127,732282
2025-06-24,759100,777125
2025-06-25,759034,752857
2025-06-26,752938,722254
2025-06-27,698637,644366
2025-06-28,235279,118540
2025-06-29,210154,121676
2025-06-30,650228,678515
2025-07-01,642787,702032
2025-07-02,595508,727414
2025-07-03,603282,657193
2025-07-04,364888,371700
2025-07-05,145971,79277
2025-07-06,171622,112282
2025-07-07,675207,663322
2025-07-08,721067,751000
2025-07-09,700036,712791
2025-07-10,715461,707450
2025-07-11,603105,611376
2025-07-12,195589,91271
2025-07-13,185813,105773
2025-07-14,619160,657185
2025-07-15,738964,732416
2025-07-16,776294,726407
2025-07-17,792764,722394
2025-07-18,693785,600023
2025-07-19,167426,101043
2025-07-20,172710,109540
2025-07-21,702054,699359
2025-07-22,807741,782745
2025-07-23,741854,781969
2025-07-24,774783,765618
2025-07-25,774750,632767
2025-07-26,235928,92247
2025-07-27,204486,113492
2025-07-28,767313,685095
2025-07-29,796983,742499
2025-07-30,799082,734173
2025-07-31,794120,710376
2025-08-01,653493,595077
2025-08-02,227013,100282
2025-08-03,175172,114599
2025-08-04,707743,651574
2025-08-05,763084,716338
2025-08-06,735677,749960
2025-08-07,698637,718562
2025-08-08,674590,616018
2025-08-09,170277,98553
2025-08-10,145453,129604
2025-08-11,732589,676952
2025-08-12,842375,729981
2025-08-13,761673,727334
2025-08-14,761575,703843
2025-08-15,561633,518413
2025-08-16,179905,85937
2025-08-17,199128,104308
2025-08-18,765821,676646
2025-08-19,838014,724964
2025-08-20,825762,739261
2025-08-21,804171,732856
2025-08-22,663310,631146
2025-08-23,216441,97816
2025-08-24,152773,118883
2025-08-25,793410,652362
2025-08-26,800669,722231
2025-08-27,781123,725893
2025-08-28,783989,712856
2025-08-29,630787,584279
2025-08-30,175583,86139
2025-08-31,162527,121679
2025-09-01,383224,426836
2025-09-02,732063,693752
2025-09-03,844866,740093
2025-09-04,747577,746924
2025-09-05,677630,612464
2025-09-06,192077,107085
2025-09-07,240996,120112
2025-09-08,733601,703619
2025-09-09,793051,755228
2025-09-10,781033,761614
2025-09-11,735484,740289
2025-09-12,737778,603213
2025-09-13,235201,112593
2025-09-14,187051,127074
2025-09-15,779236,693466
2025-09-16,779814,748350
2025-09-17,759121,743384
2025-09-18,748051,729170
2025-09-19,677307,632513
2025-09-20,186228,100114
2025-09-21,173791,110443
2025-09-22,735958,695593
2025-09-23,960977,695695
2025-09-24,789457,704328
2025-09-25,852054,779825
2025-09-26,731435,639170
2025-09-27,179947,101118
2025-09-28,165470,126102
2025-09-29,717803,740991
2025-09-30,790926,776565
2025-10-01,797601,731193
2025-10-02,795405,708733
2025-10-03,729822,618088
2025-10-04,209689,105544
2025-10-05,151411,117046
2025-10-06,753759,718464
2025-10-07,793358,765350
2025-10-08,843028,784510
2025-10-09,818252,740905
2025-10-10,746952,636011
2025-10-11,186668,112878
2025-10-12,157918,105837
2025-10-13,644065,583442
2025-10-14,833419,758496
2025-10-15,930814,792799
2025-10-16,904644,810615
2025-10-17,809204,687794
2025-10-18,216612,118473
2025-10-19,178924,131663
2025-10-20,701474,611931
2025-10-21,1011474,873351
2025-10-22,961374,831213
2025-10-23,990708,781628
2025-10-24,871969,687081
2025-10-25,263721,119684
2025-10-26,267900,136353
2025-10-27,947669,787823
2025-10-28,1017356,840732
2025-10-29,1022965,808485
2025-10-30,1152563,809208
2025-10-31,989126,699613
2025-11-01,413995,120125
2025-11-02,246646,135071
2025-11-03,956048,767497
2025-11-04,1015104,833893
2025-11-05,1029612,838566
2025-11-06,988661,850494
2025-11-07,964059,720219
2025-11-08,366822,132597
2025-11-09,251203,146217
2025-11-10,1092457,796396
2025-11-11,958271,728214
2025-11-12,1039445,889845
2025-11-13,1055284,885126
2025-11-14,1044297,782628
2025-11-15,326599,142840
2025-11-16,250231,160705
2025-11-17,939032,831771
2025-11-18,995674,856960
2025-11-19,1038842,923133
2025-11-20,995406,854092
2025-11-21,962734,711083
2025-11-22,353736,133507
2025-11-23,293588,147012
2025-11-24,844026,741662
2025-11-25,923013,815625
2025-11-26,737404,760623
2025-11-27,509701,543183
2025-11-28,454191,418229
2025-11-29,224551,88138
2025-11-30,232291,129546
2025-12-01,860436,741726
2025-12-02,1000089,874143
2025-12-03,1206536,866874
2025-12-04,1078948,864158
2025-12-05,951957,708253
2025-12-06,319729,135039
2025-12-07,282167,158665
2025-12-08,967693,795822
2025-12-09,1093373,909750
2025-12-10,1015356,915154
2025-12-11,1002188,879318
2025-12-12,937428,736081
2025-12-13,279110,127200
2025-12-14,212815,134907
2025-12-15,884402,837016
2025-12-16,1140942,905650
2025-12-17,1002466,879642
2025-12-18,966787,824203
2025-12-19,895238,643420
2025-12-20,269664,128029
2025-12-21,235764,144287
2025-12-22,621491,579679
2025-12-23,595225,539929
2025-12-24,339331,315043
2025-12-25,172334,150650
2025-12-26,241030,190895
2025-12-27,130291,76823
2025-12-28,162403,113957
2025-12-29,469708,395475
2025-12-30,495931,404069
2025-12-31,341636,298402
2026-01-01,176285,140445
2026-01-02,369644,315455
2026-01-03,206306,89842
2026-01-04,206301,136762
2026-01-05,768637,766928
2026-01-06,1022317,818705
2026-01-07,1024135,862237
2026-01-08,1043570,890217
2026-01-09,917353,781476
2026-01-10,295548,160806
2026-01-11,253927,159521
2026-01-12,891049,858998
2026-01-13,1065955,1009489
2026-01-14,1236312,989633
2026-01-15,1080868,966765
2026-01-16,966568,831376
2026-01-17,316004,153557
2026-01-18,259298,168601
2026-01-19,595132,670218
2026-01-20,1204439,946615
2026-01-21,1218305,1037244
2026-01-22,1215891,1037360
2026-01-23,1090285,883649
2026-01-24,436106,161028
2026-01-25,305893,181509
2026-01-26,939839,915092
2026-01-27,1259774,1053603
2026-01-28,1285752,1061526
2026-01-29,1212471,1020234
2026-01-30,1018587,878025
2026-01-31,373799,166536
2026-02-01,256995,188712
2026-02-02,935808,899690
2026-02-03,1387893,1096878
2026-02-04,1166503,1058576
2026-02-05,1155255,1049212
2026-02-06,1052704,871232
2026-02-07,387063,169763
2026-02-08,314488,185342
2026-02-09,1035389,925651
2026-02-10,1386203,1103420
2026-02-11,1315842,1087244
2026-02-12,1579726,1066086
2026-02-13,1591699,897546
2026-02-14,551951,185107
2026-02-15,377925,202110
2026-02-16,873412,702993
2026-02-17,1395803,938480
2026-02-18,1591603,1035142
2026-02-19,1550236,1068766
2026-02-20,1459649,882558
2026-02-21,479254,198190
2026-02-22,372950,222479
2026-02-23,1233735,962692
2026-02-24,1760373,1093406
2026-02-25,1399422,1106721
2026-02-26,1483280,1099788
2026-02-27,1530268,926658
2026-02-28,610230,199966
2026-03-01,545693,199618
2026-03-02,1519036,976151
2026-03-03,1763789,1080249
2026-03-04,1825587,1108633
2026-03-05,1796717,1126215
2026-03-06,1721037,1006320
2026-03-07,679125,207273
2026-03-08,514656,211130
2026-03-09,1550210,1082974
2026-03-10,1664810,1184215
2026-03-11,1506697,1141792
2026-03-12,1765925,1118120
2026-03-13,1629109,984712
2026-03-14,510913,203684
2026-03-15,461428,225660
2026-03-16,1516465,1105663
2026-03-17,1757185,1254101
2026-03-18,1453696,1227395
2026-03-19,1619353,1154260
2026-03-20,1424386,943148
2026-03-21,438206,181362
2026-03-22,366093,200341
2026-03-23,1397920,1082450
2026-03-24,1650593,1185807
2026-03-25,1596233,1189936
2026-03-26,1539318,1224646
2026-03-27,1510866,1064574
2026-03-28,554989,219593
2026-03-29,388583,239128
2026-03-30,1323100,1175797
2026-03-31,1532601,1192040
2026-04-01,1482130,1219989
2026-04-02,1380806,1142547
2026-04-03,1090885,721663
2026-04-04,439566,185484
2026-04-05,326562,193495
2026-04-06,1114806,862819
2026-04-07,1522410,1233690
2026-04-08,1618645,1269857
2026-04-09,1582132,1333402
2026-04-10,1529980,1121666
2026-04-11,452133,215033
2026-04-12,381966,235545
2026-04-13,1397773,1187467
2026-04-14,1573377,1313914
2026-04-15,1636525,1341542
2026-04-16,1599276,1310967
2026-04-17,1407543,1123000
2026-04-18,449866,235641
2026-04-19,441701,245760
2026-04-20,1417050,1212801
2026-04-21,1694347,1330322
2026-04-22,1630686,1297463
2026-04-23,1636507,1307447
2026-04-24,1678575,1148755
2026-04-25,655840,239877
2026-04-26,753218,262287
2026-04-27,1703509,1293625
2026-04-28,1861444,1411293
2026-04-29,1720125,1397461
2026-04-30,1603907,1380387
2026-05-01,1409314,928198
2026-05-02,512180,264078
2026-05-03,423779,277723
2026-05-04,1405398,1231728
2026-05-05,1647797,1431341
2026-05-06,1699686,1461246
2026-05-07,1673907,1477765
2026-05-08,1475925,1264227
2026-05-09,586935,323207
2026-05-10,428181,284978
2026-05-11,1573115,1450087
2026-05-12,1644958,1512609
2026-05-13,1731844,1508446
2026-05-14,1658753,1355080
2026-05-15,1512548,1180151
2026-05-16,576584,249966
2026-05-17,439857,251997
2026-05-18,1514000,1330113
2026-05-19,1769316,1505049
2026-05-20,1748599,1512955
2026-05-21,1709229,1459863
2026-05-22,1523015,1224956
2026-05-23,449482,260831
2026-05-24,377566,274529
2026-05-25,733241,721472
2026-05-26,1486087,1330909
2026-05-27,1704224,1443962
2026-05-28,1796794,1426398
2026-05-29,1651069,1224543
2026-05-30,534026,258465
2026-05-31,469724,240391
2026-06-01,1594143,1326635
2026-06-02,1860632,1509868
2026-06-03,1781564,0
2026-06-04,1958740,1443094
2026-06-05,1790106,1236176
2026-06-06,524172,265858
2026-06-07,435500,256648
2026-06-08,1737530,1349689
2026-06-09,1693900,1537591
2026-06-10,1511182,1536570
2026-06-11,1673236,1596504
2026-06-12,1422184,1325514
2026-06-13,406130,264566
2026-06-14,388196,264303
2026-06-15,1608158,1442810
2026-06-16,1914112,1613071
2026-06-17,1655681,1569736
2026-06-18,1570248,1566092
2026-06-19,996302,999780
2026-06-20,351341,253608
2026-06-21,410056,267533
2026-06-22,1462038,1442369
2026-06-23,1584979,1599564
2026-06-24,1624180,1599101
2026-06-25,1599672,1589028
2026-06-26,1356842,1363123
2026-06-27,419439,292606
2026-06-28,349443,276220
2026-06-29,1425629,1421850
2026-06-30,1786402,1643456
